split,fact_id,relation,subject_qid,enwiki_title,views_2023,months_observed,missing_reason,request_url,raw_response_sha256
pilot,Q20153-P740-Q8684,P740,Q20153,Girls' Generation,728538,12,,https://wikimedia.org/api/rest_v1/metrics/pageviews/per-article/en.wikipedia.org/all-access/user/Girls%27_Generation/monthly/2023010100/2023123100,3a7a50640c11d6b9c398d68cb75e2fa1ef38b2a3a86b01a322b025701f84216f
pilot,Q231360-P20-Q1530,P20,Q231360,Gertrude Bell,211151,12,,https://wikimedia.org/api/rest_v1/metrics/pageviews/per-article/en.wikipedia.org/all-access/user/Gertrude_Bell/monthly/2023010100/2023123100,53df3d79bc24f04b566061671425820aa68bdc3b0b9b926cdf26818d30372382
pilot,Q5592-P20-Q220,P20,Q5592,Michelangelo,1726247,12,,https://wikimedia.org/api/rest_v1/metrics/pageviews/per-article/en.wikipedia.org/all-access/user/Michelangelo/monthly/2023010100/2023123100,c51487c53b78b8ef98b36ef1d9c28baf366be3326c68d0cd67a92c157ace9f17
pilot,Q233552-P20-Q87,P20,Q233552,Princess Milica of Montenegro,28698,12,,https://wikimedia.org/api/rest_v1/metrics/pageviews/per-article/en.wikipedia.org/all-access/user/Princess_Milica_of_Montenegro/monthly/2023010100/2023123100,3580b69746b6c431f823742f2bee4e42d49d259120074ec3b2d84cd8c643528f
pilot,Q81307-P740-Q24639,P740,Q81307,Greenpeace,298000,12,,https://wikimedia.org/api/rest_v1/metrics/pageviews/per-article/en.wikipedia.org/all-access/user/Greenpeace/monthly/2023010100/2023123100,09517601e8599381834a074b713c78c14e61eaa13fa00a485e8732a198288a90
pilot,Q455991-P159-Q41621,P159,Q455991,Hapoel Haifa F.C.,41851,12,,https://wikimedia.org/api/rest_v1/metrics/pageviews/per-article/en.wikipedia.org/all-access/user/Hapoel_Haifa_F.C./monthly/2023010100/2023123100,952a360fd862046e343ef908cf1fd4595e55eb000431ba8e339cacb6fa2faaa9
pilot,Q500606-P159-Q49255,P159,Q500606,University of South Florida,208670,12,,https://wikimedia.org/api/rest_v1/metrics/pageviews/per-article/en.wikipedia.org/all-access/user/University_of_South_Florida/monthly/2023010100/2023123100,36c2445b97df5311b1a6d71fa0bde2ea446a39bcf4fec76d35f8f63879c9dd5e
pilot,Q717531-P740-Q1867,P740,Q717531,Chunghwa Telecom,20584,12,,https://wikimedia.org/api/rest_v1/metrics/pageviews/per-article/en.wikipedia.org/all-access/user/Chunghwa_Telecom/monthly/2023010100/2023123100,c18d46a41a85702d874ffa54ddd20a5e410d33a5d72989f677b3c61e8dae313a
pilot,Q19634-P159-Q200942,P159,Q19634,Swindon Town F.C.,305002,12,,https://wikimedia.org/api/rest_v1/metrics/pageviews/per-article/en.wikipedia.org/all-access/user/Swindon_Town_F.C./monthly/2023010100/2023123100,dbdd72fce34e4b5ca84770ab2bbe90f138b17982721b54d985025616e75ef6b0
pilot,Q483718-P740-Q5083,P740,Q483718,Foo Fighters,2326338,12,,https://wikimedia.org/api/rest_v1/metrics/pageviews/per-article/en.wikipedia.org/all-access/user/Foo_Fighters/monthly/2023010100/2023123100,c098d3e5093f8a9e5636bc8ad600f51134ec7d908f1107156fa1c16d3ed14813
pilot,Q629821-P159-Q49219,P159,Q629821,Obsidian Entertainment,466982,12,,https://wikimedia.org/api/rest_v1/metrics/pageviews/per-article/en.wikipedia.org/all-access/user/Obsidian_Entertainment/monthly/2023010100/2023123100,beea1247263c660152472834d426b8cde63a97606e61d551229017f1080ec169
pilot,Q3900087-P19-Q84,P19,Q3900087,Perry Benson,80168,12,,https://wikimedia.org/api/rest_v1/metrics/pageviews/per-article/en.wikipedia.org/all-access/user/Perry_Benson/monthly/2023010100/2023123100,6519c5c4d2d7651ef5052a902e2e8962a1d5be37da0c6384c7f32b38c361ab70
pilot,Q271812-P740-Q1891,P740,Q271812,Ducati,174359,12,,https://wikimedia.org/api/rest_v1/metrics/pageviews/per-article/en.wikipedia.org/all-access/user/Ducati/monthly/2023010100/2023123100,73e8482d47406fe0bb1b2b3527c73150345829fe88544b9b4ce1d8abfe7db968
pilot,Q8459-P20-Q641,P20,Q8459,Giorgione,51815,12,,https://wikimedia.org/api/rest_v1/metrics/pageviews/per-article/en.wikipedia.org/all-access/user/Giorgione/monthly/2023010100/2023123100,1750b49c12839918b572b5d9b568b4a74d7b7da026744b9a76c30cdb1c70cb38
pilot,Q756890-P740-Q1492,P740,Q756890,Institute for Catalan Studies,1814,12,,https://wikimedia.org/api/rest_v1/metrics/pageviews/per-article/en.wikipedia.org/all-access/user/Institute_for_Catalan_Studies/monthly/2023010100/2023123100,f1a8a1ee39752ef45dfed8217bb175d952469aa47157926bf3aba9f69303370f
pilot,Q43734-P20-Q220,P20,Q43734,Pope Gregory XVI,116565,12,,https://wikimedia.org/api/rest_v1/metrics/pageviews/per-article/en.wikipedia.org/all-access/user/Pope_Gregory_XVI/monthly/2023010100/2023123100,8f4b1131e7a18a780b059464ad695bd4f212b256e7f93d1d2151d0ac2d8b0c2d
pilot,Q244152-P19-Q43631,P19,Q244152,Willebrord Snellius,20988,12,,https://wikimedia.org/api/rest_v1/metrics/pageviews/per-article/en.wikipedia.org/all-access/user/Willebrord_Snellius/monthly/2023010100/2023123100,94321684e7047e9e72d19f040ac9f7ec9e370f483e2f70c6977d2ac8ed932a49
pilot,Q122701-P19-Q10686,P19,Q122701,Lord Kelvin,114686,12,,https://wikimedia.org/api/rest_v1/metrics/pageviews/per-article/en.wikipedia.org/all-access/user/Lord_Kelvin/monthly/2023010100/2023123100,16f3aceab157ffe6be095faef534e186ea64450d8fc564cef0db8cf629865c65
pilot,Q381296-P20-Q11739,P20,Q381296,Faiz Ahmad Faiz,173322,12,,https://wikimedia.org/api/rest_v1/metrics/pageviews/per-article/en.wikipedia.org/all-access/user/Faiz_Ahmad_Faiz/monthly/2023010100/2023123100,f62ae77991d48b30a16ac66642a44b52f2a1b9fa8e658b9878198f53bed6b268
pilot,Q182128-P20-Q2044,P20,Q182128,Giovanni Pico della Mirandola,76660,12,,https://wikimedia.org/api/rest_v1/metrics/pageviews/per-article/en.wikipedia.org/all-access/user/Giovanni_Pico_della_Mirandola/monthly/2023010100/2023123100,4e41f8f1a6052c5fd08ecf3959e0299f8d338e54b3dc197cab54d4f28086a033
pilot,Q1609449-P740-Q189074,P740,Q1609449,Five-Percent Nation,548778,12,,https://wikimedia.org/api/rest_v1/metrics/pageviews/per-article/en.wikipedia.org/all-access/user/Five-Percent_Nation/monthly/2023010100/2023123100,c1c1089a4078e2a5df757d7e9a29604a7eaddcaf41bf9514904b3fdd8c6ef102
pilot,Q503874-P19-Q641,P19,Q503874,Francesco Foscari,11277,12,,https://wikimedia.org/api/rest_v1/metrics/pageviews/per-article/en.wikipedia.org/all-access/user/Francesco_Foscari/monthly/2023010100/2023123100,32d001bcd49b4e47c4ad0cf6fbe7c622c9394f8b3134c8b1cbb7ba0822838385
pilot,Q740282-P19-Q87,P19,Q740282,Qasim Amin,12236,12,,https://wikimedia.org/api/rest_v1/metrics/pageviews/per-article/en.wikipedia.org/all-access/user/Qasim_Amin/monthly/2023010100/2023123100,3fcd8f420f79e14229180fdc3c9295e574be2f6413c8ae36674ebd9afa1fc566
pilot,Q5271481-P19-Q1537,P19,Q5271481,Diane Hendricks,93544,12,,https://wikimedia.org/api/rest_v1/metrics/pageviews/per-article/en.wikipedia.org/all-access/user/Diane_Hendricks/monthly/2023010100/2023123100,61b0bf78d31ba00491113bc8ec9d572249753b30f74624d93da21da245dc4e70
pilot,Q201492-P159-Q340,P159,Q201492,McGill University,452548,12,,https://wikimedia.org/api/rest_v1/metrics/pageviews/per-article/en.wikipedia.org/all-access/user/McGill_University/monthly/2023010100/2023123100,1f677e6f1e5a68d83609cc4472efe23a3a53b6d1d556bb7ba81f36e910f972c5
pilot,Q81230-P740-Q64,P740,Q81230,Siemens,811273,12,,https://wikimedia.org/api/rest_v1/metrics/pageviews/per-article/en.wikipedia.org/all-access/user/Siemens/monthly/2023010100/2023123100,d9013e92aace1f437cba818c050da11e2235ae67d9a4b882fe5c4d1977158e88
pilot,Q1218180-P740-Q1490,P740,Q1218180,Nikon,183293,12,,https://wikimedia.org/api/rest_v1/metrics/pageviews/per-article/en.wikipedia.org/all-access/user/Nikon/monthly/2023010100/2023123100,43d04f29b6d4698eefbca6e3d7e2fb57ea60c27359e3eaf50d9578f838398af4
pilot,Q822722-P159-Q4093,P159,Q822722,Partick Thistle F.C.,191948,12,,https://wikimedia.org/api/rest_v1/metrics/pageviews/per-article/en.wikipedia.org/all-access/user/Partick_Thistle_F.C./monthly/2023010100/2023123100,9d041e36e42d74de1be24874f7167bde9a21b176b99f7b68b47a41afebc16d2f
pilot,Q75886-P20-Q64,P20,Q75886,Karl Liebknecht,129899,12,,https://wikimedia.org/api/rest_v1/metrics/pageviews/per-article/en.wikipedia.org/all-access/user/Karl_Liebknecht/monthly/2023010100/2023123100,b35713d450488fad373d32168a87bde04e34a193e6bf1efadbdd669f0c327ac7
pilot,Q697480-P19-Q2773,P19,Q697480,Tobias Rau,1788,12,,https://wikimedia.org/api/rest_v1/metrics/pageviews/per-article/en.wikipedia.org/all-access/user/Tobias_Rau/monthly/2023010100/2023123100,baa4d75bbbbd44ff9983e512545ab71bc1cd906b166b23c03f7edf7896a40613
pilot,Q381779-P740-Q1899,P740,Q381779,Aerosvit Ukrainian Airlines,5270,12,,https://wikimedia.org/api/rest_v1/metrics/pageviews/per-article/en.wikipedia.org/all-access/user/Aerosvit_Ukrainian_Airlines/monthly/2023010100/2023123100,86a62aad771577080fe6bf46951684bcdaabcc9e359a5b3bfc85dc6034c59d69
pilot,Q983501-P19-Q9248,P19,Q983501,Ramil Guliyev,16914,12,,https://wikimedia.org/api/rest_v1/metrics/pageviews/per-article/en.wikipedia.org/all-access/user/Ramil_Guliyev/monthly/2023010100/2023123100,59d6db7f87400764c872f7a5a84ac2521fb0d9c03dac89fc66a79a91c7bcf357
pilot,Q530471-P159-Q956,P159,Q530471,Chinese Academy of Sciences,58197,12,,https://wikimedia.org/api/rest_v1/metrics/pageviews/per-article/en.wikipedia.org/all-access/user/Chinese_Academy_of_Sciences/monthly/2023010100/2023123100,edf8cd250ec538ef2a9b896072ed80716c54ba086dadab5549811f072c7868a2
pilot,Q189803-P19-Q18125,P19,Q189803,Arthur Harden,3093,12,,https://wikimedia.org/api/rest_v1/metrics/pageviews/per-article/en.wikipedia.org/all-access/user/Arthur_Harden/monthly/2023010100/2023123100,8d4de771a4c592b56af316249588d4f4ac2b80db63fd03757ce776df69e53ece
pilot,Q714600-P19-Q22,P19,Q714600,Alexander Cochrane,15671,12,,https://wikimedia.org/api/rest_v1/metrics/pageviews/per-article/en.wikipedia.org/all-access/user/Alexander_Cochrane/monthly/2023010100/2023123100,083a663e6aaaffb7ec6b8d98c0b95bf643840a8493e2f3a6d7e80c21d778d443
pilot,Q209212-P20-Q220,P20,Q209212,Girolamo Frescobaldi,25142,12,,https://wikimedia.org/api/rest_v1/metrics/pageviews/per-article/en.wikipedia.org/all-access/user/Girolamo_Frescobaldi/monthly/2023010100/2023123100,5bd31ea0a5a4d113a707c17dd208ee5a99dfe54991cdd94999a50cf5025408ae
pilot,Q229058-P159-Q1355,P159,Q229058,ISRO,2292461,12,,https://wikimedia.org/api/rest_v1/metrics/pageviews/per-article/en.wikipedia.org/all-access/user/ISRO/monthly/2023010100/2023123100,29c07b6951ede783345a207912cd3e3ab47f7c558a103196b3f04cd1248b3546
pilot,Q352935-P19-Q1297,P19,Q352935,Dennis Farina,493155,12,,https://wikimedia.org/api/rest_v1/metrics/pageviews/per-article/en.wikipedia.org/all-access/user/Dennis_Farina/monthly/2023010100/2023123100,ed0c43ef74200b4d6d942af213b05f70f816f82d62187603dfd9aa027b2460e0
pilot,Q85048-P19-Q1741,P19,Q85048,Maria Altmann,168955,12,,https://wikimedia.org/api/rest_v1/metrics/pageviews/per-article/en.wikipedia.org/all-access/user/Maria_Altmann/monthly/2023010100/2023123100,1b1ab38baff1bb564a19e2086116c60407a4ca636e0e40e9a17ad87c1190cb0f
pilot,Q735697-P20-Q84,P20,Q735697,John Selden,14048,12,,https://wikimedia.org/api/rest_v1/metrics/pageviews/per-article/en.wikipedia.org/all-access/user/John_Selden/monthly/2023010100/2023123100,b0ff2c8eb6d269ad81083b1b08e3a00248cdc6d03020a66ab8b22a3ccebfe2fb
pilot,Q29297-P20-Q64,P20,Q29297,Carl Ritter,19904,12,,https://wikimedia.org/api/rest_v1/metrics/pageviews/per-article/en.wikipedia.org/all-access/user/Carl_Ritter/monthly/2023010100/2023123100,558221077f7057df0aa615339d49dc590f6e57be01f4c2f67533e958d0e8d92d
pilot,Q700563-P159-Q64,P159,Q700563,Deutsche Reichsbahn (East Germany),26600,12,,https://wikimedia.org/api/rest_v1/metrics/pageviews/per-article/en.wikipedia.org/all-access/user/Deutsche_Reichsbahn_%28East_Germany%29/monthly/2023010100/2023123100,367b4e17b27853865f6c8dd0d3718ab4c912c3f8e70d47f18615c3c8a42bf6c5
pilot,Q53268-P159-Q201117,P159,Q53268,Toyota,1579685,12,,https://wikimedia.org/api/rest_v1/metrics/pageviews/per-article/en.wikipedia.org/all-access/user/Toyota/monthly/2023010100/2023123100,695003aa7983c65c768a7564412972682f7426e95e16711ac641be70106a2df3
pilot,Q42262-P159-Q90,P159,Q42262,European Space Agency,324993,12,,https://wikimedia.org/api/rest_v1/metrics/pageviews/per-article/en.wikipedia.org/all-access/user/European_Space_Agency/monthly/2023010100/2023123100,de29978d4d47145fd8f7792b4d3dcb7e21c02685c55ed3c003530b78b48514af
pilot,Q565594-P740-Q490,P740,Q565594,Eni,162785,12,,https://wikimedia.org/api/rest_v1/metrics/pageviews/per-article/en.wikipedia.org/all-access/user/Eni/monthly/2023010100/2023123100,a797d15369a49018907c66c54f42da2d73ebb259b5c73f783213a26004d420e8
pilot,Q2001596-P740-Q6225,P740,Q2001596,Singer Motors,29309,12,,https://wikimedia.org/api/rest_v1/metrics/pageviews/per-article/en.wikipedia.org/all-access/user/Singer_Motors/monthly/2023010100/2023123100,7d951c58948f79953e7c0d615327920acd5394f160e2ae355462885a468e8d2b
pilot,Q738439-P159-Q1435,P159,Q738439,Croatian Democratic Union,103140,12,,https://wikimedia.org/api/rest_v1/metrics/pageviews/per-article/en.wikipedia.org/all-access/user/Croatian_Democratic_Union/monthly/2023010100/2023123100,a50e1ecdddd7a5a91c46d869f803bb7f1d4fc7ce90e7cf7615fafbd58aa8d607
pilot,Q262771-P20-Q2090,P20,Q262771,Michael Wolgemut,11088,12,,https://wikimedia.org/api/rest_v1/metrics/pageviews/per-article/en.wikipedia.org/all-access/user/Michael_Wolgemut/monthly/2023010100/2023123100,b94dd51e1f19877988d18814755a79d68f2309a5cfb82461ddcdcd05002594a9
pilot,Q268160-P740-Q12439,P740,Q268160,The White Stripes,756579,12,,https://wikimedia.org/api/rest_v1/metrics/pageviews/per-article/en.wikipedia.org/all-access/user/The_White_Stripes/monthly/2023010100/2023123100,6b76a7c53f4ceb7c8359b85fe9125035a8edb50637033a9220874eced316809f
pilot,Q2561928-P20-Q1218,P20,Q2561928,Yehoshafat Harkabi,7018,12,,https://wikimedia.org/api/rest_v1/metrics/pageviews/per-article/en.wikipedia.org/all-access/user/Yehoshafat_Harkabi/monthly/2023010100/2023123100,a44e7bf51f811edc4edec91bc60a77d3925ba6d4304aaf291dd1a97e1bec9e28
pilot,Q300355-P159-Q1731,P159,Q300355,Dresdner SC,22868,12,,https://wikimedia.org/api/rest_v1/metrics/pageviews/per-article/en.wikipedia.org/all-access/user/Dresdner_SC/monthly/2023010100/2023123100,060ee0a436cc420aaba3939ff6a08d75ad0153034ee272cd6e3775886bf118cf
pilot,Q538549-P19-Q23154,P19,Q538549,John Addington Symonds,25632,12,,https://wikimedia.org/api/rest_v1/metrics/pageviews/per-article/en.wikipedia.org/all-access/user/John_Addington_Symonds/monthly/2023010100/2023123100,e6c6ba5bc293f37f49b04ff17f224e37edcb8cdcd94d32a2f4a0fc34bf1c579c
pilot,Q469093-P20-Q1761,P20,Q469093,Flann O'Brien,56487,12,,https://wikimedia.org/api/rest_v1/metrics/pageviews/per-article/en.wikipedia.org/all-access/user/Flann_O%27Brien/monthly/2023010100/2023123100,98d628ef4000010fa6e280e5a510981bd81362660aa15788e49f92f4d1c2ecb2
pilot,Q1575470-P159-Q14767,P159,Q1575470,Hang Seng Bank,48533,12,,https://wikimedia.org/api/rest_v1/metrics/pageviews/per-article/en.wikipedia.org/all-access/user/Hang_Seng_Bank/monthly/2023010100/2023123100,01455be457112ea08a3b86ac0b4f5d2673d8de313e57b8e3994c7c96ef2a3672
pilot,Q61332-P20-Q1085,P20,Q61332,Peter Parler,10153,12,,https://wikimedia.org/api/rest_v1/metrics/pageviews/per-article/en.wikipedia.org/all-access/user/Peter_Parler/monthly/2023010100/2023123100,0b0961d86e5f330f7329c7efeed267b047c97bb4896c9e58d13f30ba37618992
pilot,Q439853-P19-Q18125,P19,Q439853,Yvonne Blake,1644,12,,https://wikimedia.org/api/rest_v1/metrics/pageviews/per-article/en.wikipedia.org/all-access/user/Yvonne_Blake/monthly/2023010100/2023123100,1d6bbbc97606192aa2399d5247bc94fd220f7ca758fe986778c766aa8ec84432
pilot,Q843251-P740-Q23154,P740,Q843251,Great Western Railway,152037,12,,https://wikimedia.org/api/rest_v1/metrics/pageviews/per-article/en.wikipedia.org/all-access/user/Great_Western_Railway/monthly/2023010100/2023123100,76e473701388d1020cd54d93f3ccc13e04ac22661d499b416759146e7a5bb851
test,Q311789-P20-Q85,P20,Q311789,Ibrahim Pasha of Egypt,111439,12,,https://wikimedia.org/api/rest_v1/metrics/pageviews/per-article/en.wikipedia.org/all-access/user/Ibrahim_Pasha_of_Egypt/monthly/2023010100/2023123100,7521c6568999a8f07b9220ee34916706042116bbca95f9d23707b1f088de849e
test,Q934489-P740-Q1461,P740,Q934489,San Miguel Corporation,160787,12,,https://wikimedia.org/api/rest_v1/metrics/pageviews/per-article/en.wikipedia.org/all-access/user/San_Miguel_Corporation/monthly/2023010100/2023123100,e8dd052e83095113ff17eb9b7ce6516e8ff827da19cdf5893968512067603e84
test,Q380088-P20-Q1492,P20,Q380088,Alfonso IV of Aragon,19696,12,,https://wikimedia.org/api/rest_v1/metrics/pageviews/per-article/en.wikipedia.org/all-access/user/Alfonso_IV_of_Aragon/monthly/2023010100/2023123100,0eb3ace87d7c269164a32df56480a4176a36eca561ce84528663512fa3552ed4
test,Q188464-P740-Q100,P740,Q188464,Pixies (band),748970,12,,https://wikimedia.org/api/rest_v1/metrics/pageviews/per-article/en.wikipedia.org/all-access/user/Pixies_%28band%29/monthly/2023010100/2023123100,8e5d61f53e494299c85acf7700cc48b15ecb12bdb360176e1353bbb1a56cfeb5
test,Q272721-P19-Q6225,P19,Q272721,Angela Bailey,2735,12,,https://wikimedia.org/api/rest_v1/metrics/pageviews/per-article/en.wikipedia.org/all-access/user/Angela_Bailey/monthly/2023010100/2023123100,f9799b8a4e798defbd290a65ce1198ae215d9157ab17f370e7f61f401462e829
test,Q134241-P740-Q34370,P740,Q134241,Feyenoord,985466,12,,https://wikimedia.org/api/rest_v1/metrics/pageviews/per-article/en.wikipedia.org/all-access/user/Feyenoord/monthly/2023010100/2023123100,f1b22a07e987dbcd9488e9a91a79c933c9234a4b6bfcbe390066803b7c92b6f5
test,Q528415-P19-Q1492,P19,Q528415,Hasdai Crescas,7636,12,,https://wikimedia.org/api/rest_v1/metrics/pageviews/per-article/en.wikipedia.org/all-access/user/Hasdai_Crescas/monthly/2023010100/2023123100,eadd45b87e7e774b854551504e1b7cf512ddc8af04205c3e350cfc109a8b7d86
test,Q170599-P740-Q42448,P740,Q170599,Arctic Monkeys,1547984,12,,https://wikimedia.org/api/rest_v1/metrics/pageviews/per-article/en.wikipedia.org/all-access/user/Arctic_Monkeys/monthly/2023010100/2023123100,db88156f6cc6ab27ed6fc961ea75089e7d6d6eb3abacf40479e975ffb55140f1
test,Q3295867-P740-Q23556,P740,Q3295867,The Coca-Cola Company,1115505,12,,https://wikimedia.org/api/rest_v1/metrics/pageviews/per-article/en.wikipedia.org/all-access/user/The_Coca-Cola_Company/monthly/2023010100/2023123100,4ea4e8b0f0d7cd6639994ec623c38185fd79678a560430294057995175a83515
test,Q76485-P20-Q2090,P20,Q76485,Johann Pachelbel,153616,12,,https://wikimedia.org/api/rest_v1/metrics/pageviews/per-article/en.wikipedia.org/all-access/user/Johann_Pachelbel/monthly/2023010100/2023123100,db6862d92575c1a49a91ab845023b9dd519ec9c98426e10dc534c90945f1895f
test,Q73498-P19-Q64,P19,Q73498,Lutz Heck,24890,12,,https://wikimedia.org/api/rest_v1/metrics/pageviews/per-article/en.wikipedia.org/all-access/user/Lutz_Heck/monthly/2023010100/2023123100,d064f370eadbd81187cd1f28c2aa2cac9e759d86b2293e8e08bc6cfbe04eaea7
test,Q635484-P740-Q490,P740,Q635484,Armani,330072,12,,https://wikimedia.org/api/rest_v1/metrics/pageviews/per-article/en.wikipedia.org/all-access/user/Armani/monthly/2023010100/2023123100,ad26a1f33a27f80b8676624452f4e544ef8cae98c34993d2dd5aed4ed28ee21b
test,Q3946053-P740-Q2044,P740,Q3946053,Salvatore Ferragamo (company),,0,http_404,https://wikimedia.org/api/rest_v1/metrics/pageviews/per-article/en.wikipedia.org/all-access/user/Salvatore_Ferragamo_%28company%29/monthly/2023010100/2023123100,7159e5172e3166a36fbd86ca6f6e46863b2a6c7b5f8dfc1c90eeb252d8339949
test,Q441537-P19-Q123709,P19,Q441537,Frances Wright,18077,12,,https://wikimedia.org/api/rest_v1/metrics/pageviews/per-article/en.wikipedia.org/all-access/user/Frances_Wright/monthly/2023010100/2023123100,6a933555eeea7b628273176499b48fdb8899d3703c3bf2723f5524139bd65fff
test,Q141336-P740-Q649,P740,Q141336,Mosfilm,64277,12,,https://wikimedia.org/api/rest_v1/metrics/pageviews/per-article/en.wikipedia.org/all-access/user/Mosfilm/monthly/2023010100/2023123100,eb5d70901d2a300b973e0c8b575d5aed7d21e95279ae1097987b8e3bcb78a1bc
test,Q1320232-P159-Q12439,P159,Q1320232,University of Detroit Mercy,56625,12,,https://wikimedia.org/api/rest_v1/metrics/pageviews/per-article/en.wikipedia.org/all-access/user/University_of_Detroit_Mercy/monthly/2023010100/2023123100,27c46e7ca66ff4955ae1319bca04048358eb6ce9a80b3212918b1ad75c3ccf59
test,Q741801-P740-Q23556,P740,Q741801,Sevendust,204950,12,,https://wikimedia.org/api/rest_v1/metrics/pageviews/per-article/en.wikipedia.org/all-access/user/Sevendust/monthly/2023010100/2023123100,3c0f22582dc2645bb9be8442f13984c3cdf9e8d8029f9a60f07ee24950b625fb
test,Q29052-P159-Q23197,P159,Q29052,Vanderbilt University,530515,12,,https://wikimedia.org/api/rest_v1/metrics/pageviews/per-article/en.wikipedia.org/all-access/user/Vanderbilt_University/monthly/2023010100/2023123100,7954c8de2ee664f75c207a3d4114f0ed52305eafc801873df8f3484238a832dd
test,Q312712-P19-Q84,P19,Q312712,Mark Strong,1349168,12,,https://wikimedia.org/api/rest_v1/metrics/pageviews/per-article/en.wikipedia.org/all-access/user/Mark_Strong/monthly/2023010100/2023123100,df151aeae53bcedd184345963abdd007fca1af4101e9190674581d1a4fdaf0fb
test,Q2556248-P20-Q90,P20,Q2556248,Anne Gonzaga,5783,12,,https://wikimedia.org/api/rest_v1/metrics/pageviews/per-article/en.wikipedia.org/all-access/user/Anne_Gonzaga/monthly/2023010100/2023123100,7cb0fc5628c0c28f447e702c6c13ee707608959f0a799697100cb6da4e440334
test,Q528840-P19-Q23556,P19,Q528840,Caroline Walker Bynum,5674,12,,https://wikimedia.org/api/rest_v1/metrics/pageviews/per-article/en.wikipedia.org/all-access/user/Caroline_Walker_Bynum/monthly/2023010100/2023123100,e424f6ee5700ac68453f89af3a9d86ef545c81d95ff6e62779e6e3556c8c3967
test,Q336794-P20-Q727,P20,Q336794,Jan Swammerdam,11003,12,,https://wikimedia.org/api/rest_v1/metrics/pageviews/per-article/en.wikipedia.org/all-access/user/Jan_Swammerdam/monthly/2023010100/2023123100,5ada5aa4b9634cfdf4a74abcfdb397f1e2b5ef229aad54e083f998a71363f068
test,Q162543-P19-Q406,P19,Q162543,Mehmed VI,522346,12,,https://wikimedia.org/api/rest_v1/metrics/pageviews/per-article/en.wikipedia.org/all-access/user/Mehmed_VI/monthly/2023010100/2023123100,bef1bf52230eba0b6b5feca5c5303c0cdfb52709b4b6dffb37996cd79438f247
test,Q2341286-P20-Q100,P20,Q2341286,William Barton Rogers,25735,12,,https://wikimedia.org/api/rest_v1/metrics/pageviews/per-article/en.wikipedia.org/all-access/user/William_Barton_Rogers/monthly/2023010100/2023123100,f013c0cad8a06a9f21cbf8afe4e6cd116982f69dcb4bcc959802fe16d8b6c395
test,Q343898-P19-Q90,P19,Q343898,Pierre Braunberger,2234,12,,https://wikimedia.org/api/rest_v1/metrics/pageviews/per-article/en.wikipedia.org/all-access/user/Pierre_Braunberger/monthly/2023010100/2023123100,2f3d8664b10b1db7a401a9a6e36ecc3bd82d36e3a376f46bac4291691863250c
test,Q201221-P19-Q649,P19,Q201221,Alexander Herzen,45458,12,,https://wikimedia.org/api/rest_v1/metrics/pageviews/per-article/en.wikipedia.org/all-access/user/Alexander_Herzen/monthly/2023010100/2023123100,b40bc1160e88b8daab7800cd330a489016ae5650b1749a20e851db9206b8d7af
test,Q271110-P159-Q3616,P159,Q271110,Islamic Revolutionary Guard Corps,590402,12,,https://wikimedia.org/api/rest_v1/metrics/pageviews/per-article/en.wikipedia.org/all-access/user/Islamic_Revolutionary_Guard_Corps/monthly/2023010100/2023123100,1768841e410944d6dba28ace458a45da721aecac07769497545922be9b8cbea6
test,Q863432-P159-Q1354,P159,Q863432,Biman Bangladesh Airlines,229217,12,,https://wikimedia.org/api/rest_v1/metrics/pageviews/per-article/en.wikipedia.org/all-access/user/Biman_Bangladesh_Airlines/monthly/2023010100/2023123100,599352b64520086af2b93fb21d4aa88908d48eb6e33b9b132d56a464127ac8c4
test,Q212963-P20-Q100,P20,Q212963,Samuel Adams,443760,12,,https://wikimedia.org/api/rest_v1/metrics/pageviews/per-article/en.wikipedia.org/all-access/user/Samuel_Adams/monthly/2023010100/2023123100,ecb380d926ac25d2a26a58dfef9edb18563198fee4b60bf72071da87ae2ed1d6
test,Q37548-P159-Q100,P159,Q37548,Northeastern University,431819,12,,https://wikimedia.org/api/rest_v1/metrics/pageviews/per-article/en.wikipedia.org/all-access/user/Northeastern_University/monthly/2023010100/2023123100,a09bdcca2a7d8f03ca8d9be57f5ea51dd30a34dec14fa116d87d83987e7d0726
test,Q448822-P20-Q90,P20,Q448822,Louis Marchand,4611,12,,https://wikimedia.org/api/rest_v1/metrics/pageviews/per-article/en.wikipedia.org/all-access/user/Louis_Marchand/monthly/2023010100/2023123100,377ed33d4a0546cfae4cade5e3eed81e56612bd52d2dc397c38525307cc6d4f1
test,Q150068-P159-Q1492,P159,Q150068,Republican Left of Catalonia,174246,12,,https://wikimedia.org/api/rest_v1/metrics/pageviews/per-article/en.wikipedia.org/all-access/user/Republican_Left_of_Catalonia/monthly/2023010100/2023123100,e5a227f2e798b6eb2b7eafb8b13591932e69225f193e052425c03f17cef32c24
test,Q448820-P20-Q9248,P20,Q448820,Tofiq Bahramov,15221,12,,https://wikimedia.org/api/rest_v1/metrics/pageviews/per-article/en.wikipedia.org/all-access/user/Tofiq_Bahramov/monthly/2023010100/2023123100,d81da28c747d36a83f3d74d96965a3aa6ff905a4bd1ebcd657ffe366ad93af80
test,Q41640-P20-Q16869,P20,Q41640,Michael II,48360,12,,https://wikimedia.org/api/rest_v1/metrics/pageviews/per-article/en.wikipedia.org/all-access/user/Michael_II/monthly/2023010100/2023123100,cc5481d8c989113e34b95e826369c8100336e4e70a1c0e25285a723ff1b19971
test,Q505806-P20-Q220,P20,Q505806,Goffredo Petrassi,7959,12,,https://wikimedia.org/api/rest_v1/metrics/pageviews/per-article/en.wikipedia.org/all-access/user/Goffredo_Petrassi/monthly/2023010100/2023123100,917637dd4803f4ee30cbfa356d8fd6587e53727dfac20b248bfddd07500cf4b7
test,Q41689-P20-Q16869,P20,Q41689,Nikephoros III Botaneiates,43264,12,,https://wikimedia.org/api/rest_v1/metrics/pageviews/per-article/en.wikipedia.org/all-access/user/Nikephoros_III_Botaneiates/monthly/2023010100/2023123100,a1d83925ba0c09c8f19a36cf80d9f184a4c290db0a34ca35ad4ecda4b33c4f44
test,Q649822-P19-Q84,P19,Q649822,Quentin Bell,20026,12,,https://wikimedia.org/api/rest_v1/metrics/pageviews/per-article/en.wikipedia.org/all-access/user/Quentin_Bell/monthly/2023010100/2023123100,86bfa70e004a189cae0a905b7dd92b59487c46802ebd31497fd125cf9ee47c1d
test,Q178106-P19-Q589182,P19,Q178106,William Carlos Williams,112385,12,,https://wikimedia.org/api/rest_v1/metrics/pageviews/per-article/en.wikipedia.org/all-access/user/William_Carlos_Williams/monthly/2023010100/2023123100,a85fca48209f455b047dc4c44df72827eba1f0547ac5b0ecbf1db951281769c3
test,Q269701-P20-Q1891,P20,Q269701,Anna Morandi Manzolini,3141,12,,https://wikimedia.org/api/rest_v1/metrics/pageviews/per-article/en.wikipedia.org/all-access/user/Anna_Morandi_Manzolini/monthly/2023010100/2023123100,1843994700f0dcf940f896430c35f3be01a3f5da37010057e7688eb6ef071ac5
test,Q505922-P740-Q1754,P740,Q505922,Electrolux,237822,12,,https://wikimedia.org/api/rest_v1/metrics/pageviews/per-article/en.wikipedia.org/all-access/user/Electrolux/monthly/2023010100/2023123100,2fc1f04b1d76e7807f7555db1aa15d0a36cf2eac9a8cdb7a8c5130c955a7d6b3
