fact_id,relation,subject_qid,enwiki_title,views_2023,months_observed,missing_reason,request_url,raw_response_sha256
Q1055449-P19-Q490,P19,Q1055449,Matteo Salvini,149798,12,,https://wikimedia.org/api/rest_v1/metrics/pageviews/per-article/en.wikipedia.org/all-access/user/Matteo_Salvini/monthly/2023010100/2023123100,5b52079a117e7c8f917ed8025e9d9264e84befecb08083abb0fe6410fe104f5e
Q1158985-P19-Q1218,P19,Q1158985,Dan Armon,210,12,,https://wikimedia.org/api/rest_v1/metrics/pageviews/per-article/en.wikipedia.org/all-access/user/Dan_Armon/monthly/2023010100/2023123100,e90fdf314a85397180c5780b0423f31ba6de561d11c5147d28b74aa6593e73ff
Q1240178-P19-Q1297,P19,Q1240178,James Burnham,67917,12,,https://wikimedia.org/api/rest_v1/metrics/pageviews/per-article/en.wikipedia.org/all-access/user/James_Burnham/monthly/2023010100/2023123100,6c762d31690b05954a3849c3001b8797c14d7178132dbf3480a2b0d034ad1957
Q143416-P19-Q220,P19,Q143416,Eduard Ender,690,12,,https://wikimedia.org/api/rest_v1/metrics/pageviews/per-article/en.wikipedia.org/all-access/user/Eduard_Ender/monthly/2023010100/2023123100,56e1fe9491018619f08ffbe1c50b7ecbf2f0f442c26aa10d78d8216084e17bb1
Q1949264-P20-Q90,P20,Q1949264,Moshe Lewin,6274,12,,https://wikimedia.org/api/rest_v1/metrics/pageviews/per-article/en.wikipedia.org/all-access/user/Moshe_Lewin/monthly/2023010100/2023123100,8bc82a0709bdba758a3a358d911655b38b1b8221a7242f89cca543d6270b6a96
Q1984290-P19-Q1754,P19,Q1984290,Staffan de Mistura,7396,12,,https://wikimedia.org/api/rest_v1/metrics/pageviews/per-article/en.wikipedia.org/all-access/user/Staffan_de_Mistura/monthly/2023010100/2023123100,fa374468d1b0f4c8834c707cf61e79e4700f0276e987ea54437f2d898a987a8f
Q2083549-P20-Q90,P20,Q2083549,Alexander Guchkov,17883,12,,https://wikimedia.org/api/rest_v1/metrics/pageviews/per-article/en.wikipedia.org/all-access/user/Alexander_Guchkov/monthly/2023010100/2023123100,1cc383132e5de5f67bd0b5d39033e4a8d5704940335bde03fb17dacc0dee138e
Q2622339-P19-Q649,P19,Q2622339,Lev Leshchenko,12369,12,,https://wikimedia.org/api/rest_v1/metrics/pageviews/per-article/en.wikipedia.org/all-access/user/Lev_Leshchenko/monthly/2023010100/2023123100,5d16446b442279796a4f2a0e30187b321a6a52fcc717f52a01d9db24c3e55505
Q2744371-P19-Q1297,P19,Q2744371,Bernard Brodie (military strategist),9407,12,,https://wikimedia.org/api/rest_v1/metrics/pageviews/per-article/en.wikipedia.org/all-access/user/Bernard_Brodie_%28military_strategist%29/monthly/2023010100/2023123100,80b9e42725579338fe5f98a3e0b4486e64c18f51bed295b2cc28218e98e1753d
Q2891199-P20-Q1218,P20,Q2891199,Eliezer Waldenberg,5456,12,,https://wikimedia.org/api/rest_v1/metrics/pageviews/per-article/en.wikipedia.org/all-access/user/Eliezer_Waldenberg/monthly/2023010100/2023123100,a76321d344d0ad0736bd08468b5b3d2fce243cc09fbc2a1405b07b0964fb9d16
Q3035833-P19-Q64,P19,Q3035833,Don Mankiewicz,15315,12,,https://wikimedia.org/api/rest_v1/metrics/pageviews/per-article/en.wikipedia.org/all-access/user/Don_Mankiewicz/monthly/2023010100/2023123100,857e88583e32692e6116e03b10b316232be25c611934c8057cfa2c7c52feedec
Q3260006-P20-Q85,P20,Q3260006,Lotfia Elnadi,4048,12,,https://wikimedia.org/api/rest_v1/metrics/pageviews/per-article/en.wikipedia.org/all-access/user/Lotfia_Elnadi/monthly/2023010100/2023123100,394ecdd9da4dd875b07f95ebcfadf0bf56508d563e7d6e6e58bbff586de232b7
Q3296196-P19-Q1297,P19,Q3296196,Mary Jayne Gold,433400,12,,https://wikimedia.org/api/rest_v1/metrics/pageviews/per-article/en.wikipedia.org/all-access/user/Mary_Jayne_Gold/monthly/2023010100/2023123100,a26d0442015de9666861c989123de534c54569021b270c0ceb310c7d1d6dca87
Q3301801-P20-Q1754,P20,Q3301801,Johan Gustaf Sandberg,986,12,,https://wikimedia.org/api/rest_v1/metrics/pageviews/per-article/en.wikipedia.org/all-access/user/Johan_Gustaf_Sandberg/monthly/2023010100/2023123100,44414affaa46f2c1124f5d5873405ddd0013fd05696f7728b8806db2c9205604
Q3435367-P20-Q100,P20,Q3435367,Robert Hazard,51402,12,,https://wikimedia.org/api/rest_v1/metrics/pageviews/per-article/en.wikipedia.org/all-access/user/Robert_Hazard/monthly/2023010100/2023123100,97294826b0da4e96766781e569f44c782604089f4cec42f3c27ad76129500697
Q382070-P19-Q90,P19,Q382070,René Mayer,4566,12,,https://wikimedia.org/api/rest_v1/metrics/pageviews/per-article/en.wikipedia.org/all-access/user/Ren%C3%A9_Mayer/monthly/2023010100/2023123100,751544b441e97ca7fb3fa621c0a3cf9ce9f2480848c78d29243567894484dc00
Q4831431-P20-Q84,P20,Q4831431,Aylmer Haldane,3996,12,,https://wikimedia.org/api/rest_v1/metrics/pageviews/per-article/en.wikipedia.org/all-access/user/Aylmer_Haldane/monthly/2023010100/2023123100,e91be282e3430e845fbb31579fb41d2724e96403bfe9b486d688a836e805e6b7
Q5237521-P20-Q84,P20,Q5237521,David Merrick,16227,12,,https://wikimedia.org/api/rest_v1/metrics/pageviews/per-article/en.wikipedia.org/all-access/user/David_Merrick/monthly/2023010100/2023123100,9a3e5849eeeb19194171f3b91f1423343dd1a79d14f7dc6d57c76c5ec97aa785
Q57382-P20-Q64,P20,Q57382,Christa Wolf,22161,12,,https://wikimedia.org/api/rest_v1/metrics/pageviews/per-article/en.wikipedia.org/all-access/user/Christa_Wolf/monthly/2023010100/2023123100,07c27c5f18edeb83fdaddcc9dd83a666016abb0a462e31cac052213afc787089
Q582986-P19-Q90,P19,Q582986,Marcel Alexandre Bertrand,586,12,,https://wikimedia.org/api/rest_v1/metrics/pageviews/per-article/en.wikipedia.org/all-access/user/Marcel_Alexandre_Bertrand/monthly/2023010100/2023123100,f634ec2776ccd1287a2282fe969268ca34cab460ba2a2b47bb9172f4affe36d6
Q6250828-P19-Q1761,P19,Q6250828,John O'Conor,6073,12,,https://wikimedia.org/api/rest_v1/metrics/pageviews/per-article/en.wikipedia.org/all-access/user/John_O%27Conor/monthly/2023010100/2023123100,a86776f5ef4d8c1ad8b84d8a40651f35b84c616b2e25962a60eb23e9422e6ab3
Q7518905-P20-Q1218,P20,Q7518905,Simon Halkin,407,12,,https://wikimedia.org/api/rest_v1/metrics/pageviews/per-article/en.wikipedia.org/all-access/user/Simon_Halkin/monthly/2023010100/2023123100,8ecbe44130b4ab45ed917560949270e9edca6b728ee9105e152f3ef62fa16516
Q774501-P19-Q85,P19,Q774501,Richard Anthony (singer),11562,12,,https://wikimedia.org/api/rest_v1/metrics/pageviews/per-article/en.wikipedia.org/all-access/user/Richard_Anthony_%28singer%29/monthly/2023010100/2023123100,5711ebd7a30b009f4e16c749502a5688e5fe4d063f84384c8a2d0207b3a6b6ea
Q85817-P19-Q1741,P19,Q85817,Leo Alexander,5189,12,,https://wikimedia.org/api/rest_v1/metrics/pageviews/per-article/en.wikipedia.org/all-access/user/Leo_Alexander/monthly/2023010100/2023123100,a59650f4b76e8a2a480aec298f60bcac79d6f939b31c052b6f10fd49f8785043
Q977354-P20-Q1218,P20,Q977354,Wolf Gold,3512,12,,https://wikimedia.org/api/rest_v1/metrics/pageviews/per-article/en.wikipedia.org/all-access/user/Wolf_Gold/monthly/2023010100/2023123100,a043888e97dc2e7b587fab66769d6e1e27bf80c24ebc283933e460aacd80ac79
Q982074-P20-Q220,P20,Q982074,Sebastiano Baggio,10291,12,,https://wikimedia.org/api/rest_v1/metrics/pageviews/per-article/en.wikipedia.org/all-access/user/Sebastiano_Baggio/monthly/2023010100/2023123100,6daa4a93b2d6510a64280c46d0c9be1723e3f8349c38227ca59e3b5d217b2523
